question,answer,sources,time_seconds,answered
What is the horsepower rating of the SD40-2?,The horsepower rating of the SD40-2 is 3000. This information is mentioned in the context as a key characteristic of the locomotive.,"[161, 186, 3, 183]",11.96,True
How many cylinders does the 645E3 engine have?,"According to Section 0 of the manual, 

- The 3-cylinder model has 3 cylinders.
- The 6-cylinder model has 6 cylinders.

Since the question is about the 645E3C engine (Two Stroke Cycle), which matches the description for both models in terms of cylinder count and displacement speed, it can be inferred that there are 3 cylinders for this engine as well.","[3, 3, 56, 4]",2.61,True
What is the normal engine operating temperature?,"According to the provided context, there are two indications of normal engine operating temperature:

1. The ""normal"" color code on the gauge located in the water inlet line leading to the left bank water pump, which is green.
2. A stable operating condition indicated by readings taken at 15-minute intervals, where the recorded temperature compares with lubricating oil cooler service limits provided in Maintenance Instruction 928.

However, a specific numeric value for normal engine operating temperature is not mentioned in the context.","[38, 26, 18, 29]",3.01,True
What is the idle RPM of the SD40-2?,"The context provided does not mention the idle RPM of the SD40-2. It only provides instructions for testing the throttle positioner (TP) system, which includes steps to connect a voltmeter and measure voltage levels at different throttle positions, as well as operating the reverser handle and transfer switch module.","[361, 323, 411, 413]",2.29,True
What is the maximum RPM of the engine?,"The context provided does not mention the maximum RPM of the engine. It discusses the relationship between throttle position, generator field circuit breaker status, and voltage readings to test the power setup, but it does not provide information on the engine's speed or RPM range.

Therefore, I must answer that the question cannot be answered based on the given context.","[170, 149, 361, 292]",2.55,True
What type of engine does the SD40-2 use?,"The SD40-2 locomotive uses a diesel engine, specifically a 645E3C two-stroke cycle engine.","[186, 3, 305, 75]",1.65,True
What is the compression ratio of the 645E3 engine?,"The context provided does not mention the compression ratio of the 645E3C Two Stroke Cycle engine, as it only discusses specifications related to air compressor and electrical systems, but does mention a different model (not 645E3) with a specified compression ratio. According to another section in the manual:

""The compression ratio for the 16:1 ratio is 9-1/16"" x 10"",","[56, 3, 8, 292]",2.69,True
What is the function of the turbocharger on the SD40-2?,"The function of the turbocharger on the SD40-2 is to increase power by compressing air and forcing it into the engine cylinders, allowing for more oxygen and a higher horsepower output. The compressed air also helps to cool the engine.

In more detail, as described in the context:

* The turbocharger uses the lubricating oil from the engine lubrication system.
* An automatically started motor-driven turbocharger auxiliary lube oil pump supplies oil to the turbocharger without assistance.
* When the engine is running, an overrunning clutch disengages the mechanical drive from the engine, and air discharged from the compressor assembly is routed through aftercoolers before entering the air box.
* Two engine-mounted gear-driven centrifugal pumps supply coolant to the engine manifolds connected to cylinder head and liner jackets and to the turbocharger aftercoolers.
* A separate electrically driven pump and filter provide turbocharger lubrication and cooling at engine start and after shutdown.","[8, 22, 7, 7]",4.61,True
What is the fuel tank capacity of the SD40-2?,"The question does not explicitly state the fuel tank capacity of the SD40-2. The provided context only discusses filling the fuel tank, observing the sight level gauge to prevent overfilling, and the basic filler cap assembly, but it does not specify the tank's capacity.","[13, 14, 7, 44]",2.04,True
What type of fuel does the SD40-2 use?,"Unfortunately, this context does not provide a clear answer to what type of fuel the SD40-2 uses. It only mentions that the fuel should meet the cleanliness specifications given in the applicable Maintenance Instruction (1-2 125780). It also discusses the fuel system and engine starting, but does not explicitly state what type of fuel is used by the SD40-2.","[13, 7, 12, 12]",2.37,True
What is the fuel pressure specification?,"Unfortunately, the context does not provide information on the fuel pressure specification. The provided sections discuss pressure differential switches, calibration, and gauge readings related to engine air inlet and fuel tank levels, but do not mention fuel pressure.","[53, 332, 15, 14]",1.95,True
How does the fuel injection system work?,"According to the manual, the fuel injection system works as follows:

Fuel is drawn from the storage tank through a suction fuel strainer by the motor-driven gear type fuel pump. The fuel then passes through a primary filter and an engine-mounted double-element filter before being distributed to each cylinder via manifolds.

The fuel injectors supply a precisely metered quantity of atomized fuel to the engine cylinders at a precise moment in the firing cycle. The injector gear racks are operated by the engine governor to maintain the proper amount of fuel needed for engine speed and power level called for.

Excess fuel not used by the injectors is returned to the fuel tank through the return fuel sight glass, mounted on the filter housing. A restriction inside the return glass causes back pressure, maintaining a positive supply of fuel for the injectors.

The motor-driven gear type fuel pump delivers more fuel to the engine than is burned in the cylinders. The excess fuel is circulated and used for cooling and lubricating various components of the engine.","[7, 12, 12, 16]",4.68,True
What is the normal oil pressure range?,"The normal oil pressure range for the compressor crankcase, as indicated by the float type indicator, is between 124-172 kPa (18-25 psi) when the lubricating oil is at operating temperature and the engine is running at idle speed.","[56, 45, 56, 30]",2.07,True
What type of oil is recommended for the SD40-2?,"The question does not provide enough information to determine the specific type of oil recommended for the SD40-2 Locomotive. The context mentions that ""Fuel should not be sprayed directly on the valve mechanism or bearings"" and that lubrication will be removed, suggesting that the correct oil is one that can withstand high temperatures and prevent damage to the engine's components.

The manual only provides general guidance on using SAE No. 10 oil for lubricating purposes, but it does not specify a particular type of oil (e.g., synthetic, conventional, etc.) as recommended for the SD40-2 locomotive in general.","[25, 19, 25, 30]",3.34,True
What is the oil sump capacity?,"The oil sump capacity is not explicitly stated in the provided context. However, it can be inferred that the ""LUBRICATING OIL SAMPLING"" section refers to a compartment within the oil strainer assembly where lubricating oil is available for recirculation by the combination piston cooling and lubricating oil pump.

There is no information on the total capacity of the oil sump in the provided context.","[7, 25, 22, 5]",2.64,True
At what oil pressure does the engine shut down?,"The manual does not provide information on the specific oil pressure at which the engine shuts down due to low oil pressure or other reasons related to oil system issues (such as crankcase overpressure). It only mentions that the low water shutdown mechanism and the low oil plunger will protrude, indicating a shutdown has occurred, but does not specify the exact oil pressure threshold.","[29, 40, 83, 84]",2.46,True
What is the function of the radiator on the SD40-2?,"The context does not mention the function of the radiator on the SD40-2. The provided text discusses the operation of various electrical systems, relays, and control functions related to rate control, sanding, air supply, and performance control, but it does not address the radiator's purpose.","[234, 234, 47, 186]",2.17,True
How does the cooling fan system work?,"According to the manual, when the cooling fan contactors (FCI, FC2, and FC3) are energized, they electrically connect their respective AC cooling fans to the alternating current supply from the alternator, allowing the fans to run. When de-energized, normally closed interlocks energize the shutter magnet valve MV-SR, which allows air under pressure to enter and clean the radiator cores and compartment. The reverse operation of the cooling fans can be easily accomplished by interchanging two AC leads connected to the fan contactors in the AC cabinet.","[35, 44, 35, 40]",3.2,True
What is the coolant capacity?,"According to the context, there are two coolant capacities mentioned:

1. Cooling System Capacity I: 41 Liters (275 Gal.)
2. Cooling System Capacity II: 6435 Liters (1700 Gal.) (Note that this is not explicitly stated as ""coolant capacity"", but rather ""Cooling System Capacity II"" in the table below the water tank)

However, based on the information provided, it appears that the larger volume of 6435 Liters (1700 Gal.) is more relevant to the overall cooling system capacity.","[39, 5, 44, 32]",3.1,True
What temperature triggers the cooling fan?,"The answer cannot be found in the provided context. The context discusses the overall cooling system operation, fan and shutter control, pressurization, and cooling system design but does not specify a temperature that triggers the cooling fan.","[7, 35, 32, 39]",1.98,True
What is the function of the main generator?,"The main generator provides horsepower demand by varying the level of excitation current of itself, maintaining the output voltage and current as necessary to meet changes in engine power.","[179, 184, 8, 136]",1.7,True
What voltage does the main generator produce?,"Based on the provided context, it appears that there is no specific mention of the maximum voltage produced by the main generator. The manual discusses the relationship between the main generator output voltage and current, as well as the limits of the output voltage, but it does not provide a value for the normal operating voltage of the main generator.

The values mentioned in the context are:

* 1350 volts (maximum allowed voltage when terminal 5 is connected to terminal 7)
* 1400 volts (maximum allowed voltage when terminal 5 is connected to terminal 9)
* 1300 volts (maximum output voltage of the GV II module with terminals 5, 7, and 9 open)

These values appear to be related to the limits or settings for the main generator, rather than the normal operating voltage.","[153, 179, 155, 180]",3.99,True
What is the function of the load regulator?,"According to the context, the load regulator is the main power controlling device in the SD40-2 Locomotive Service Manual. It modulates the voltage reference signal used by the control modules to maintain horsepower at a level related to the injector rack position and engine governor linkage and valves. In other words, it controls the amount of power delivered to the load (i.e., the train) based on the throttle position of the locomotive's throttle valve.","[8, 159, 103, 145]",2.78,True
How does dynamic braking work on the SD40-2?,"Dynamic braking on the SD40-2 works as follows:

The operation of dynamic braking is controlled by a signal proportional to the dynamic braking grid current and a signal proportional to the braking lever position. These signals are applied to the Extended Range Dynamic Brake (DE) module.

A comparison circuit within the DE module compares the two signals. If the dynamic braking grid current signal is larger than the braking lever signal, a solid-state switch turns on, which in turn controls the main generator excitation to maintain traction motor field excitation for maximum braking current.

During extended range dynamic braking, the regulation of braking current is further modified by controlling the turn-on point of the DR transistor not based on the maximum allowable current in the grids, but rather by the braking handle position. This means that the maximum braking current can be achieved at a lower braking lever position than before.","[240, 192, 280, 91]",4.16,True
What is the function of the companion alternator?,"The companion alternator provides three-phase AC power for various systems on the locomotive, including the radiator blower motors, filter blower motor, control circuits, and the silicon controlled rectifier assembly.","[73, 114, 112, 108]",1.94,True
How does the air brake system work?,"According to Fig. 5-12, the basic air brake equipment on locomotives is located to the left of the controller and consists of a pressure regulator. The air brake system works as follows:

1. When the braking lever is in its operating position, a signal proportional to the braking lever position is applied to the dynamic braking grid current.
2. A comparison circuit on the DE module compares the dynamic braking grid current signal with the braking lever signal.
3. If the braking grid signal is larger than the braking lever signal, a solid state switch turns on.

This indicates that when the brakes are fully applied and the braking lever is in its operating position, the air brake system engages, but the exact operational sequence may vary depending on specific instructions from each railroad.","[62, 65, 280, 8]",3.89,True
What is the brake cylinder pressure specification?,"The answer to that question is not explicitly stated in the provided context. The context only mentions a pressure regulator and its operation, but it does not specify the brake cylinder pressure or its desired setting.","[56, 65, 65, 56]",1.92,True
What is the function of the independent brake?,"The independent brake valve handle provides independent control of the locomotive braking effort, allowing for manual override of automatic brake application. This means that the user can independently apply or release the brakes on the locomotive, regardless of any existing automatic brake application.","[64, 8, 64, 77]",2.1,True
How does dynamic braking differ from air braking?,"Dynamic braking and air braking are two different systems used in locomotives to control speed.

Air braking is a passive system that relies on the pressure in the air brake chamber to slow or stop the train. It uses vacuum pumps to create pressure in the brake chambers, which then apply pressure to the brakes. Air braking is typically used for normal braking and is not designed to handle high-speed deceleration.

Dynamic braking, on the other hand, is an active system that converts some of the kinetic energy of the train into electrical energy through the use of electric motors and generators. It can significantly reduce stopping distances and improve overall safety by allowing the locomotive to slow down much faster than it could with air brakes alone.

In summary, dynamic braking uses electricity to actively control speed, while air braking relies on pressure in the brake chambers to slow or stop the train passively.","[240, 280, 241, 192]",4.13,True
What is the emergency brake application pressure?,"The context provided does not mention the emergency brake application pressure. The manual discusses how an emergency sanding signal is applied to terminal 6, and how depressing the independent brake handle releases any automatic brake application, but it does not specify a particular pressure for emergency brake application.","[63, 230, 64, 192]",2.05,True
How many traction motors does the SD40-2 have?,"According to the context, the SD40-2 Locomotive has 6 traction motors. This information can be found in the section describing the RV- Directional Transfer Switch, which states that ""there are from two to six double-pole double-throw switches per device."" This implies that the locomotive is capable of operating with either 2 or 6 traction motors in parallel, but it does not specify a fixed number. However, based on common knowledge about the SD40-2, it is generally understood that this locomotive has 6 traction motors, which are divided into three AAR (American Association of Railroads) traction motor sets of two motors each.","[211, 105, 93, 293]",3.52,True
What is the function of the traction motors?,"According to the context, the traction motors are responsible for propelling the train forward. They also have an electrically related motor that can be isolated and shut off in case of a defect, allowing the remaining good motors to operate while the defective one is taken out of service.","[84, 74, 105, 8]",2.16,True
How are traction motors cooled?,Traction motor cooling air is provided by automatically increasing the engine to throttle 4 speed if field current rises above about 800 amperes or if grid current rises above about 551 amperes.,"[293, 35, 47, 32]",4.18,True
What is the wheel slip protection system?,"According to Section 7L, the wheel slip protection system helps maintain wheel traction under adverse operating conditions and provides protection for the traction motors by detecting and correcting wheel slip conditions before they are severe enough to damage the traction motors.","[227, 227, 228, 232]",2.01,True
What is the function of the governor?,"The governor's primary function is to regulate engine speed by controlling power at the correct level for a given speed, allowing it to maintain engine speed. Additionally, in the context of auxiliary generator voltage regulation, the governor works in conjunction with the load regulator to ensure that horsepower demand is maintained by varying the level of excitation current in relation to injector rack position and engine governor linkage and valves.","[8, 294, 94, 101]",2.56,True
How does the load regulator control engine output?,"The load regulator controls engine output by regulating the voltage reference signal, which is used to maintain horsepower at a level related to the injector rack position. This regulation results in varying the excitation current of the main generator, thereby controlling the load on the diesel engine.","[8, 145, 145, 101]",2.14,True
What are the throttle notch positions on the SD40-2?,"The context does not provide information about the throttle notch positions on the SD40-2. The text only discusses the behavior of the feedback signals, reference signal, and constant horsepower curve when operating at different throttle positions, as well as the functions and characteristics of various modules such as the PF29 module and rate control module.

Specifically, it mentions that the general description is the same for all throttle positions, but does not provide any information about specific throttle notch positions.","[186, 165, 108, 145]",2.75,True
How does the automatic transition system work?,"The question is asking about how the automatic transition system works, but the provided context only discusses the automatic cooling water drain system and the transition sequence between traction motors and the main generator output. It does not provide information on an ""automatic transition system"".

Therefore, I must clarify that the answer to this question cannot be determined based on the provided context, as it is unclear what ""automatic transition system"" refers to in relation to the SD40-2 locomotive.","[40, 60, 211, 190]",2.77,True
What is the recommended oil change interval?,"The answer can be found in Section 3, Oil Change Interval:

""Oil should be changed at intervals stated in the applicable Scheduled Maintenance Program.""

There is no specific recommended oil change interval provided in the context. The manual suggests following the Scheduled Maintenance Program for oil changes, but does not specify an interval.","[56, 26, 25, 60]",2.27,True
How do you perform a load test on the SD40-2?,"To perform a load test on the SD40-2, follow these steps:

1. Connect a 0-75 or 0-50 millivolt meter with 1/2 percent accuracy to the load test jacks provided on the test panel located at the left of the control modules.
2. This connects the meter to a 4000 ampere 50 millivolt shunt.

Please note that these instructions assume you are setting up for automatic loading on dynamic braking grids, as mentioned in Figure 9-1 (Units Not Equipped For Automatic Loading).","[326, 328, 323, 326]",9.3,True
What are the steps to start the SD40-2 engine?,"According to Section I, the steps to start the SD40-2 engine are:

1. Position the injector control lever (layshaft 3) at about one-third rack, and move the Fuel Prime; drive spline accessible for oiling.
2. Press the Engine Start switch to the START position, but do not release it yet.
3. Hold the switch in the START position until the engine fires and speed increases.
4. Once the engine is running, check the oil level of the engine, governor, and air compressor, and add oil if required.

Additionally, before starting a new or previously shut-down engine for more than 48 hours, it is recommended to perform the PRELUBRICA non procedure contained in Section 2, and preheat the engine if it has an internal temperature below 100°C (500°F).","[19, 18, 51, 316]",4.13,True
What are the steps to shut down the SD40-2 engine?,"According to the context, there are multiple ways to shut down the SD40-2 engine:

1. Low Water Shutdown Reset Pushbutton:
	* Pressing in on the pushbutton will de-energize the FPCR, stop the fuel pump, and shut down the engine.
	* The buttons are spring-loaded and do not need to be reset.

2. Emergency Fuel Cutoff and Engine Stop Switch:
	* Momentary pressure on this pushbutton will de-energize governor speed setting solenoids and independently energize the governor shutdown solenoid.
	* This causes the engine to shut down immediately from lack of fuel.

Note that there is no single step or sequence for shutting down the engine in the context provided. Both methods can be used to shut down the engine, but they have slightly different mechanisms.","[40, 13, 15, 84]",4.16,True
How do you test the air brake system?,"The manual does not provide a specific procedure for testing the air brake system, but it mentions that the air brake equipment is located to the left of the controller, as shown in Fig. 5-12. It also suggests checking the electrical connections on the magnet valve to ensure they are tight.

However, I can infer from the context that the air brake system should be tested by applying and releasing independent brakes (as described in section 1351079), and by using the wheel slip signal level value rather than a rate of change.","[325, 365, 94, 62]",3.11,True
What is the procedure for changing the fuel filters?,"The procedure for changing the fuel filters involves the following steps:

1. Loosen the filter cover plate retaining nuts, then twist and remove the cover.
2. Withdraw and discard the pleated paper filter element.
3. Place the fuel prime switch in FUEL PRIME position to introduce a flow of fuel and wash out any sediment that may be held at the base of the filter housing.
4. Insert a new filter element into the housing.

Additionally, before starting, it is recommended to:

1. Stop the diesel engine; place isolation switch in ISOLATE position.
2. Place a container to catch fuel drainage (approximately 19 Litres or 5 gallons) and remove the drain plug located at the bottom plate of the filter housing.","[16, 15, 15, 15]",3.84,True
How do you inspect the traction motors?,"According to the context, there is no specific information on how to inspect the traction motors themselves. However, it does mention checking for ""brush 'pigtail' leads"" and ""brushes in acceptable condition"", which suggests a general visual inspection of the motor components.

Additionally, section 4 of the manual covers the Traction Motor Blower Duct, but not the traction motors themselves. 

It also mentions inspecting the main generator pit aspirator, which is related to cooling air exhaust for the traction motors, but again, it does not provide information on how to inspect the traction motors.

If you're looking for specific guidance on inspecting the traction motors, I would recommend consulting other sections of the manual or additional resources that specifically cover locomotive maintenance and inspection procedures.","[382, 411, 74, 49]",3.94,True
What triggers an automatic engine shutdown?,"Based on the context provided, two triggers for an automatic engine shutdown are mentioned:

1. Failure of the Automatic Temperature Control system, which can be caused by:
 * A high temperature breaker
 * Engine shutdown
 * Alternator failure
 * Failure of the DC auxiliary generator which excites the alternator.
2. Emergency Fuel Cutoff and Engine Stop Switch: Momentary pressure on this pushbutton de-energizes governor speed setting solenoids and independently energizes the governor shutdown solenoid, bringing the fuel injector racks to the no fuel position and shutting down the engine immediately from lack of fuel.

Note that a plugged engine air filter also triggers an automatic drain valve blowdown, but it does not directly trigger an automatic engine shutdown.","[98, 84, 7, 83]",3.87,True
What is the function of the wheel slip relay?,"The wheel slip relay (WL) is energized by:

1. Pickup of either the WSR or ""L"" relays in the WS circuit module
2. Pickup of the FTX relay after transition to parallel motor connection has been made.","[227, 227, 235, 107]",2.07,True
How does the overspeed protection work?,"Here's the explanation of how the overspeed protection works based on the provided manual:

The overspeed protection is triggered when the track speed rises above the set overspeed trip setting. This activates the ORS relay, which removes power from the magnet valve overspeed solenoid (MV-OS). As a result, the MV-OS receives no feed, causing an overspeed alarm.

Additionally, this situation also affects two other stages:

1. The analog signal is applied to a buffer stage and an overspeed selection and detection stage. This output stage provides an overspeed signal to the overspeed relay (OSR) at speeds between 30 mph and 120 mph in increments of 2 mph.
2. A fixed bias of +1.33 VDe is applied to OP2A, and its gain is calculated based on the active resistance between receptacles 8 and 26. This results in an overspeed trip reference signal with a ratio of 22.5 MPH/V.

In summary, the overspeed protection system works by removing power from the MV-OS solenoid, which triggers an alarm, and also applying an analog signal to the OSR relay at set speeds, ensuring that the locomotive does not exceed its safe speed limit.","[318, 318, 321, 322]",5.7,True
What is the low oil pressure shutdown threshold?,"Unfortunately, I do not have enough information to provide a specific answer regarding the low oil pressure shutdown threshold in this context. The provided text does mention that when the differential pressure across the water pump becomes less than the air box pressure, the device dumps oil, but it doesn't specify what the low oil pressure shutdown threshold is.","[38, 84, 39, 83]",2.38,True
What are the safety checks before operating the SD40-2?,"According to Section 4 of the manual, before operating the SD40-2, safety checks include:

1. Ensuring the main battery knife switch is kept closed at all times during operation.
 

No specific checks are listed in the provided context for operating the SD40-2 itself. It does mention some general electrical device checks in Section 4, but those apply to maintenance and testing of specific components rather than pre-operational safety checks.

Additionally, before performing high potential testing, the machine should be firmly connected to the circuit or item being tested, and the voltage should be removed before removing electrodes (Section 3).

For wheel slip system testing, using the test button provided by the WS module with the unit isolated or in idle is recommended.","[89, 54, 337, 94]",3.64,True
